	Dataset	Initial sparsity	Final sparsity	Ratio	epsilon
0	genes	0.857824448775157	0.8578241447374941	0.9999996455712317	1
1	genes	0.857824448775157	0.7139383208522833	0.8322662310122761	1000
